14	"2023-09-01 11:30:00"	9/1/2023	"2023-09-01 22:00:20"
14	"2023-09-02 11:30:00"	9/2/2023	"2023-09-02 21:53:47"
14	"2023-09-03 12:12:47"	9/3/2023	"2023-09-03 21:06:56"
14	"2023-09-04 12:14:33"	9/4/2023	"2023-09-04 21:09:31"
14	"2023-09-05 12:07:52"	9/5/2023	"2023-09-05 22:20:20"
14	"2023-09-07 12:09:44"	9/7/2023	"2023-09-07 22:12:03"
14	"2023-09-09 12:09:00"	9/9/2023	"2023-09-09 21:53:31"
14	"2023-09-09 12:09:00"	9/9/2023	"2023-09-09 20:30:00"
14	"2023-09-10 12:09:54"	9/10/2023	"2023-09-10 20:30:00"
14	"2023-09-11 12:25:37"	9/11/2023	"2023-09-11 23:27:12"
14	"2023-09-12 12:24:13"	9/12/2023	"2023-09-12 22:47:09"
14	"2023-09-15 12:05:14"	9/15/2023	"2023-09-15 21:43:07"
14	"2023-09-16 12:05:25"	9/16/2023	"2023-09-16 21:18:59"
14	"2023-09-17 12:03:57"	9/17/2023	"2023-09-18 01:26:19"
14	"2023-09-18 12:10:56"	9/19/2023	"2023-09-18 20:58:19"
14	"2023-09-19 11:15:29"	9/19/2023	"2023-09-19 21:01:38"
14	"2023-09-21 11:55:34"	9/21/2023	"2023-09-21 21:41:30"
14	"2023-09-22 12:05:39"	9/22/2023	"2023-09-22 20:51:39"
14	"2023-09-23 12:11:20"	9/23/2023	"2023-09-23 20:53:35"
14	"2023-09-24 12:02:24"	9/24/2023	"2023-09-24 20:55:02"
14	"2023-09-25 12:00:51"	9/25/2023	"2023-09-25 20:51:45"
14	"2023-09-26 11:49:48"	9/26/2023	"2023-09-26 21:32:42"
14	"2023-09-28 12:00:58"	9/29/2023	"2023-09-28 22:05:29"
14	"2023-09-29 11:53:16"	9/29/2023	"2023-09-29 21:22:01"
14	"2023-09-30 11:55:57"	9/30/2023	"2023-09-30 21:21:30"
14	"2023-09-31 12:04:36"	9/31/2023	"2023-09-31 21:19:00"
16	"2023-09-01 11:11:20"	9/1/2023	"2023-09-01 20:30:00"
16	"2023-09-03 11:03:45"	9/2/2023	"2023-09-02 21:13:15"
16	"2023-09-03 11:03:45"	9/3/2023	"2023-09-03 21:15:27"
16	"2023-09-04 11:29:00"	9/4/2023	"2023-09-04 21:05:35"
16	"2023-09-05 11:19:09"	9/5/2023	"2023-09-05 21:46:16"
16	"2023-09-07 11:32:57"	9/7/2023	"2023-09-07 21:16:36"
16	"2023-09-09 11:17:28"	9/9/2023	"2023-09-09 22:14:04"
16	"2023-09-09 11:05:01"	9/9/2023	"2023-09-09 21:01:11"
16	"2023-09-10 11:17:57"	9/10/2023	"2023-09-10 21:57:55"
16	"2023-09-11 11:19:11"	9/11/2023	"2023-09-11 22:06:37"
16	"2023-09-12 10:55:38"	9/12/2023	"2023-09-12 20:59:35"
16	"2023-09-15 11:29:11"	9/15/2023	"2023-09-15 21:56:04"
16	"2023-09-16 11:29:39"	9/16/2023	"2023-09-16 21:48:36"
16	"2023-09-17 11:31:54"	9/17/2023	"2023-09-17 21:23:44"
16	"2023-09-18 11:15:34"	9/19/2023	"2023-09-18 21:36:33"
16	"2023-09-19 11:06:56"	9/19/2023	"2023-09-19 21:04:10"
16	"2023-09-21 11:14:28"	9/21/2023	"2023-09-21 22:04:11"
16	"2023-09-22 11:17:18"	9/22/2023	"2023-09-22 21:20:26"
16	"2023-09-23 11:12:45"	9/23/2023	"2023-09-23 21:40:37"
16	"2023-09-24 11:06:49"	9/24/2023	"2023-09-24 21:23:56"
16	"2023-09-25 13:42:28"	9/25/2023	"2023-09-25 21:52:44"
16	"2023-09-26 11:10:49"	9/26/2023	"2023-09-26 21:11:21"
16	"2023-09-28 11:16:49"	9/29/2023	"2023-09-28 22:09:58"
16	"2023-09-29 11:10:22"	9/29/2023	"2023-09-29 21:25:10"
16	"2023-09-30 11:18:12"	9/30/2023	"2023-09-30 21:48:55"
16	"2023-09-31 11:10:05"	9/31/2023	"2023-09-31 21:52:01"
17	"2023-09-01 11:58:58"	9/1/2023	"2023-09-01 23:25:27"
17	"2023-09-02 12:22:39"	9/2/2023	"2023-09-02 22:17:15"
17	"2023-09-03 11:50:56"	9/3/2023	"2023-09-03 22:56:31"
17	"2023-09-04 12:19:41"	9/4/2023	"2023-09-04 21:52:43"
17	"2023-09-05 12:03:14"	9/5/2023	"2023-09-05 23:06:54"
17	"2023-09-07 11:48:18"	9/7/2023	"2023-09-07 23:21:44"
17	"2023-09-09 12:16:01"	9/9/2023	"2023-09-09 22:26:25"
17	"2023-09-09 12:04:10"	9/9/2023	"2023-09-09 23:06:11"
17	"2023-09-10 11:53:45"	9/10/2023	"2023-09-10 22:01:59"
17	"2023-09-11 12:46:28"	9/11/2023	"2023-09-11 22:27:56"
17	"2023-09-12 12:14:19"	9/12/2023	"2023-09-12 23:43:00"
17	"2023-09-15 12:39:12"	9/15/2023	"2023-09-15 22:24:27"
17	"2023-09-16 12:15:49"	9/16/2023	"2023-09-16 22:19:48"
17	"2023-09-17 12:14:25"	9/17/2023	"2023-09-17 20:33:40"
17	"2023-09-18 12:17:20"	9/19/2023	"2023-09-18 21:41:29"
17	"2023-09-19 11:52:55"	9/19/2023	"2023-09-19 21:23:43"
17	"2023-09-21 11:58:59"	9/21/2023	"2023-09-21 21:48:13"
17	"2023-09-22 12:00:29"	9/22/2023	"2023-09-22 21:58:02"
17	"2023-09-23 12:03:02"	9/23/2023	"2023-09-23 22:04:57"
17	"2023-09-24 12:01:02"	9/24/2023	"2023-09-24 21:54:27"
17	"2023-09-25 12:44:49"	9/25/2023	"2023-09-25 21:58:27"
17	"2023-09-26 12:13:37"	9/26/2023	"2023-09-26 22:11:35"
17	"2023-09-28 12:16:32"	9/29/2023	"2023-09-28 23:26:32"
17	"2023-09-29 12:16:19"	9/29/2023	"2023-09-29 20:30:00"
17	"2023-09-30 00:10:28"	9/30/2023	"2023-09-30 22:42:29"
17	"2023-09-31 11:57:50"	9/31/2023	"2023-09-01 01:41:29"
18	"2023-09-01 10:41:59"	9/1/2023	"2023-09-01 20:46:55"
18	"2023-09-02 10:44:38"	9/2/2023	"2023-09-02 20:44:47"
18	"2023-09-03 10:55:18"	9/3/2023	"2023-09-03 20:30:00"
18	"2023-09-04 10:42:16"	9/4/2023	"2023-09-04 20:51:56"
18	"2023-09-05 10:47:07"	9/5/2023	"2023-09-05 20:29:49"
18	"2023-09-07 10:41:57"	9/7/2023	"2023-09-07 20:44:07"
18	"2023-09-09 10:53:17"	9/9/2023	"2023-09-09 20:51:18"
18	"2023-09-09 10:41:42"	9/9/2023	"2023-09-09 20:43:05"
18	"2023-09-10 10:38:54"	9/10/2023	"2023-09-10 20:43:48"
18	"2023-09-11 10:41:25"	9/11/2023	"2023-09-11 20:40:56"
18	"2023-09-12 10:45:24"	9/12/2023	"2023-09-12 20:37:16"
18	"2023-09-15 10:45:32"	9/15/2023	"2023-09-15 20:46:32"
18	"2023-09-16 10:35:39"	9/16/2023	"2023-09-16 20:40:52"
18	"2023-09-17 10:46:23"	9/17/2023	"2023-09-17 20:34:12"
18	"2023-09-18 10:49:24"	9/19/2023	"2023-09-18 20:46:42"
18	"2023-09-19 10:31:55"	9/19/2023	"2023-09-19 20:39:15"
18	"2023-09-21 10:40:02"	9/21/2023	"2023-09-21 20:46:44"
18	"2023-09-22 10:42:44"	9/22/2023	"2023-09-22 20:47:47"
18	"2023-09-23 10:49:12"	9/23/2023	"2023-09-23 20:46:20"
18	"2023-09-24 10:48:55"	9/24/2023	"2023-09-24 20:42:31"
18	"2023-09-25 10:40:47"	9/25/2023	"2023-09-25 20:49:18"
18	"2023-09-26 10:43:46"	9/26/2023	"2023-09-26 20:41:55"
18	"2023-09-28 10:44:29"	9/29/2023	"2023-09-28 20:51:33"
18	"2023-09-29 10:50:14"	9/29/2023	"2023-09-29 20:47:55"
18	"2023-09-30 10:47:30"	9/30/2023	"2023-09-30 20:49:54"
18	"2023-09-31 10:43:28"	9/31/2023	"2023-09-31 20:39:52"
19	"2023-09-01 11:49:16"	9/1/2023	"2023-09-01 21:40:21"
19	"2023-09-02 11:36:17"	9/2/2023	"2023-09-02 21:13:29"
19	"2023-09-03 11:30:09"	9/3/2023	"2023-09-03 20:30:00"
19	"2023-09-04 11:24:21"	9/4/2023	"2023-09-04 21:05:11"
19	"2023-09-05 11:27:00"	9/5/2023	"2023-09-05 21:46:49"
19	"2023-09-07 11:42:11"	9/7/2023	"2023-09-07 21:16:41"
19	"2023-09-09 11:45:44"	9/9/2023	"2023-09-09 22:22:17"
19	"2023-09-09 11:39:26"	9/9/2023	"2023-09-09 21:06:28"
19	"2023-09-10 11:40:44"	9/10/2023	"2023-09-11 11:46:36"
19	"2023-09-11 11:46:39"	9/11/2023	"2023-09-11 22:07:01"
19	"2023-09-15 11:39:22"	9/15/2023	"2023-09-15 20:30:00"
19	"2023-09-16 11:53:37"	9/16/2023	"2023-09-16 21:48:55"
19	"2023-09-17 11:38:35"	9/17/2023	"2023-09-17 21:36:53"
19	"2023-09-18 11:43:31"	9/19/2023	"2023-09-18 21:41:32"
19	"2023-09-19 11:25:00"	9/19/2023	"2023-09-19 21:04:19"
19	"2023-09-21 11:40:02"	9/21/2023	"2023-09-21 22:04:22"
19	"2023-09-22 11:27:15"	9/22/2023	"2023-09-22 21:19:49"
19	"2023-09-23 10:52:50"	9/23/2023	"2023-09-23 21:44:39"
19	"2023-09-24 11:38:54"	9/24/2023	"2023-09-24 21:50:28"
19	"2023-09-25 11:12:57"	9/25/2023	"2023-09-25 21:53:02"
19	"2023-09-26 11:49:13"	9/26/2023	"2023-09-26 21:11:35"
19	"2023-09-28 11:40:30"	9/29/2023	"2023-09-28 22:09:16"
19	"2023-09-29 11:28:07"	9/29/2023	"2023-09-29 21:26:03"
19	"2023-09-30 11:38:35"	9/30/2023	"2023-09-30 21:49:09"
19	"2023-09-31 11:21:56"	9/31/2023	"2023-09-31 21:52:14"
20	"2023-09-01 11:30:00"	9/1/2023	"2023-09-01 20:46:03"
20	"2023-09-02 14:35:39"	9/2/2023	"2023-09-02 20:56:50"
20	"2023-09-03 14:53:05"	9/3/2023	"2023-09-03 20:47:59"
20	"2023-09-04 11:47:21"	9/4/2023	"2023-09-04 20:39:19"
20	"2023-09-05 12:07:04"	9/5/2023	"2023-09-05 21:23:23"
20	"2023-09-07 15:00:27"	9/7/2023	"2023-09-07 21:25:37"
20	"2023-09-09 14:42:18"	9/9/2023	"2023-09-09 21:35:42"
20	"2023-09-09 15:01:53"	9/9/2023	"2023-09-09 21:43:03"
20	"2023-09-10 14:57:07"	9/10/2023	"2023-09-10 21:05:35"
20	"2023-09-11 11:57:35"	9/11/2023	"2023-09-11 20:42:34"
20	"2023-09-12 12:00:49"	9/12/2023	"2023-09-12 22:03:09"
20	"2023-09-15 14:51:25"	9/15/2023	"2023-09-15 21:09:29"
20	"2023-09-16 14:48:11"	9/16/2023	"2023-09-16 21:04:00"
20	"2023-09-17 14:40:50"	9/17/2023	"2023-09-17 20:42:28"
20	"2023-09-18 11:48:15"	9/19/2023	"2023-09-18 20:51:27"
20	"2023-09-19 11:53:13"	9/19/2023	"2023-09-19 20:42:33"
20	"2023-09-21 14:44:54"	9/21/2023	"2023-09-21 20:58:18"
20	"2023-09-22 12:30:46"	9/22/2023	"2023-09-22 20:47:19"
20	"2023-09-23 11:59:11"	9/23/2023	"2023-09-23 20:49:36"
20	"2023-09-24 12:20:10"	9/24/2023	"2023-09-24 20:40:18"
20	"2023-09-25 12:07:24"	9/25/2023	"2023-09-25 20:55:43"
20	"2023-09-26 11:42:28"	9/26/2023	"2023-09-26 20:56:20"
20	"2023-09-28 12:36:59"	9/29/2023	"2023-09-28 20:52:01"
20	"2023-09-29 12:06:19"	9/29/2023	"2023-09-29 21:11:27"
20	"2023-09-30 12:22:01"	9/30/2023	"2023-09-30 21:15:26"
20	"2023-09-31 12:14:43"	9/31/2023	"2023-09-31 20:44:30"
21	"2023-09-01 11:12:46"	9/1/2023	"2023-09-01 19:29:23"
21	"2023-09-02 10:40:58"	9/2/2023	"2023-09-02 19:31:28"
21	"2023-09-03 11:15:32"	9/3/2023	"2023-09-03 19:32:28"
21	"2023-09-04 10:55:20"	9/4/2023	"2023-09-04 19:40:05"
21	"2023-09-05 11:01:13"	9/5/2023	"2023-09-05 20:30:00"
21	"2023-09-07 11:14:45"	9/7/2023	"2023-09-07 19:29:02"
21	"2023-09-09 11:19:31"	9/9/2023	"2023-09-09 19:18:18"
21	"2023-09-09 10:41:49"	9/9/2023	"2023-09-09 19:33:16"
21	"2023-09-10 11:03:05"	9/10/2023	"2023-09-10 19:37:41"
21	"2023-09-11 10:52:53"	9/11/2023	"2023-09-11 19:35:45"
21	"2023-09-12 11:13:11"	9/12/2023	"2023-09-12 19:25:39"
21	"2023-09-15 11:14:28"	9/15/2023	"2023-09-15 19:45:42"
21	"2023-09-16 10:47:44"	9/16/2023	"2023-09-16 19:41:36"
21	"2023-09-17 11:09:37"	9/17/2023	"2023-09-17 19:33:09"
21	"2023-09-18 11:11:48"	9/19/2023	"2023-09-18 19:35:28"
21	"2023-09-19 11:07:09"	9/19/2023	"2023-09-19 19:14:43"
21	"2023-09-21 11:14:42"	9/21/2023	"2023-09-21 19:33:30"
21	"2023-09-22 11:17:42"	9/22/2023	"2023-09-22 20:30:00"
21	"2023-09-23 11:14:55"	9/23/2023	"2023-09-23 19:38:51"
21	"2023-09-24 11:11:02"	9/24/2023	"2023-09-24 19:49:07"
21	"2023-09-25 11:06:59"	9/25/2023	"2023-09-25 19:26:31"
21	"2023-09-26 10:56:32"	9/26/2023	"2023-09-26 19:27:01"
21	"2023-09-28 10:56:46"	9/29/2023	"2023-09-28 19:41:53"
21	"2023-09-29 11:15:09"	9/29/2023	"2023-09-29 19:46:52"
21	"2023-09-30 11:11:04"	9/30/2023	"2023-09-30 19:28:17"
21	"2023-09-31 11:29:37"	9/31/2023	"2023-09-31 19:21:31"
22	"2023-09-01 11:20:23"	9/1/2023	"2023-09-01 23:15:59"
22	"2023-09-02 11:15:12"	9/2/2023	"2023-09-02 22:09:51"
22	"2023-09-03 11:20:16"	9/3/2023	"2023-09-03 22:26:58"
22	"2023-09-04 11:27:37"	9/4/2023	"2023-09-04 21:48:45"
22	"2023-09-05 11:16:58"	9/5/2023	"2023-09-05 22:25:39"
22	"2023-09-07 11:17:30"	9/7/2023	"2023-09-07 23:09:33"
22	"2023-09-09 11:19:13"	9/9/2023	"2023-09-09 21:57:14"
22	"2023-09-09 11:24:37"	9/9/2023	"2023-09-09 22:35:56"
22	"2023-09-10 11:13:10"	9/10/2023	"2023-09-11 11:24:44"
22	"2023-09-11 11:24:49"	9/11/2023	"2023-09-11 22:23:17"
22	"2023-09-12 11:09:59"	9/12/2023	"2023-09-12 23:30:05"
22	"2023-09-15 11:20:11"	9/15/2023	"2023-09-15 22:23:02"
22	"2023-09-16 11:05:23"	9/16/2023	"2023-09-16 21:07:17"
22	"2023-09-17 11:07:17"	9/17/2023	"2023-09-17 20:33:03"
22	"2023-09-18 11:28:36"	9/19/2023	"2023-09-18 20:30:00"
22	"2023-09-19 11:12:58"	9/19/2023	"2023-09-19 21:15:43"
22	"2023-09-21 11:06:21"	9/21/2023	"2023-09-21 21:46:29"
22	"2023-09-22 11:10:51"	9/22/2023	"2023-09-22 21:42:57"
22	"2023-09-23 11:24:26"	9/23/2023	"2023-09-23 21:35:51"
22	"2023-09-24 11:14:28"	9/24/2023	"2023-09-24 21:46:54"
22	"2023-09-26 11:18:19"	9/25/2023	"2023-09-25 21:45:39"
22	"2023-09-26 11:18:19"	9/26/2023	"2023-09-26 22:11:19"
22	"2023-09-28 11:19:25"	9/29/2023	"2023-09-28 22:55:21"
22	"2023-09-29 11:17:30"	9/29/2023	"2023-09-29 23:28:52"
22	"2023-09-30 11:13:01"	9/30/2023	"2023-09-30 22:09:00"
22	"2023-09-31 11:24:21"	9/31/2023	"2023-09-01 01:40:21"
23	"2023-09-01 10:42:13"	9/1/2023	"2023-09-01 23:15:06"
23	"2023-09-02 10:40:46"	9/2/2023	"2023-09-02 22:14:56"
23	"2023-09-03 10:38:16"	9/3/2023	"2023-09-03 22:26:29"
23	"2023-09-04 10:48:52"	9/4/2023	"2023-09-04 21:50:40"
23	"2023-09-05 10:45:16"	9/5/2023	"2023-09-05 22:25:06"
23	"2023-09-07 10:41:35"	9/7/2023	"2023-09-07 23:10:44"
23	"2023-09-09 10:40:19"	9/9/2023	"2023-09-09 22:25:11"
23	"2023-09-09 10:32:59"	9/9/2023	"2023-09-09 22:36:17"
23	"2023-09-10 10:38:39"	9/10/2023	"2023-09-10 21:58:22"
23	"2023-09-11 10:41:33"	9/11/2023	"2023-09-11 22:28:09"
23	"2023-09-12 10:45:33"	9/12/2023	"2023-09-12 23:42:09"
23	"2023-09-15 10:45:23"	9/15/2023	"2023-09-15 22:23:36"
23	"2023-09-16 14:59:27"	9/16/2023	"2023-09-16 22:17:10"
23	"2023-09-17 10:46:14"	9/17/2023	"2023-09-17 20:39:56"
23	"2023-09-18 10:49:00"	9/19/2023	"2023-09-18 21:32:04"
23	"2023-09-19 10:35:59"	9/19/2023	"2023-09-19 21:11:20"
23	"2023-09-21 10:40:13"	9/21/2023	"2023-09-21 21:46:53"
23	"2023-09-22 10:38:34"	9/22/2023	"2023-09-22 20:31:32"
23	"2023-09-23 10:49:23"	9/23/2023	"2023-09-23 21:35:59"
23	"2023-09-24 10:49:03"	9/24/2023	"2023-09-24 21:46:09"
23	"2023-09-25 10:40:37"	9/25/2023	"2023-09-25 21:45:52"
23	"2023-09-26 10:43:59"	9/26/2023	"2023-09-26 22:10:55"
23	"2023-09-28 11:07:44"	9/29/2023	"2023-09-28 23:01:15"
23	"2023-09-29 10:50:21"	9/29/2023	"2023-09-29 23:29:01"
23	"2023-09-30 10:47:38"	9/30/2023	"2023-09-30 22:09:22"
23	"2023-09-31 10:43:38"	9/31/2023	"2023-09-31 19:47:58"
24	"2023-09-01 11:20:53"	9/1/2023	"2023-09-01 21:07:45"
24	"2023-09-02 11:45:50"	9/2/2023	"2023-09-02 20:34:21"
24	"2023-09-03 11:38:09"	9/3/2023	"2023-09-03 21:02:32"
24	"2023-09-04 11:51:45"	9/4/2023	"2023-09-05 11:42:13"
24	"2023-09-05 11:30:00"	9/5/2023	"2023-09-05 21:25:04"
24	"2023-09-07 11:41:29"	9/7/2023	"2023-09-07 21:11:03"
24	"2023-09-09 11:18:22"	9/9/2023	"2023-09-09 21:00:50"
24	"2023-09-09 11:49:38"	9/9/2023	"2023-09-09 21:02:17"
24	"2023-09-10 11:45:22"	9/10/2023	"2023-09-10 21:17:29"
24	"2023-09-11 11:30:40"	9/11/2023	"2023-09-11 20:30:00"
24	"2023-09-12 11:46:16"	9/12/2023	"2023-09-12 20:39:53"
24	"2023-09-15 11:35:41"	9/15/2023	"2023-09-15 21:21:51"
24	"2023-09-16 11:27:58"	9/16/2023	"2023-09-16 21:02:30"
24	"2023-09-17 12:00:46"	9/17/2023	"2023-09-18 01:28:34"
24	"2023-09-18 11:24:04"	9/19/2023	"2023-09-18 01:28:34"
24	"2023-09-19 11:35:51"	9/19/2023	"2023-09-19 20:45:59"
24	"2023-09-21 11:34:54"	9/21/2023	"2023-09-21 21:12:49"
24	"2023-09-22 11:45:47"	9/22/2023	"2023-09-22 20:38:14"
24	"2023-09-23 11:41:34"	9/23/2023	"2023-09-23 20:50:24"
24	"2023-09-24 11:31:20"	9/24/2023	"2023-09-24 20:53:55"
24	"2023-09-25 11:44:51"	9/25/2023	"2023-09-25 20:54:44"
24	"2023-09-26 14:20:59"	9/26/2023	"2023-09-26 21:32:33"
24	"2023-09-28 11:21:45"	9/29/2023	"2023-09-28 21:17:32"
24	"2023-09-29 11:29:23"	9/29/2023	"2023-09-29 20:30:00"
24	"2023-09-30 11:42:41"	9/30/2023	"2023-09-30 21:04:51"
24	"2023-09-31 11:43:26"	9/31/2023	"2023-09-31 20:50:00"
25	"2023-09-01 11:43:05"	9/1/2023	"2023-09-01 20:30:00"
25	"2023-09-02 11:47:37"	9/2/2023	"2023-09-02 20:42:29"
25	"2023-09-03 11:51:59"	9/3/2023	"2023-09-03 20:30:00"
25	"2023-09-04 11:46:10"	9/4/2023	"2023-09-04 20:34:13"
25	"2023-09-05 12:22:51"	9/5/2023	"2023-09-05 20:19:52"
25	"2023-09-07 11:50:43"	9/7/2023	"2023-09-07 18:12:56"
25	"2023-09-09 11:51:11"	9/9/2023	"2023-09-09 20:31:07"
25	"2023-09-09 12:04:16"	9/9/2023	"2023-09-09 20:21:57"
25	"2023-09-10 11:53:31"	9/10/2023	"2023-09-10 19:50:13"
25	"2023-09-11 11:54:54"	9/11/2023	"2023-09-11 20:40:01"
25	"2023-09-12 12:10:14"	9/12/2023	"2023-09-12 19:34:26"
25	"2023-09-15 11:46:21"	9/15/2023	"2023-09-15 20:30:35"
25	"2023-09-16 12:21:57"	9/16/2023	"2023-09-16 20:30:00"
25	"2023-09-17 11:51:39"	9/17/2023	"2023-09-17 20:50:21"
25	"2023-09-18 12:41:04"	9/19/2023	"2023-09-18 21:03:30"
25	"2023-09-19 11:49:32"	9/19/2023	"2023-09-19 20:35:43"
25	"2023-09-21 11:45:57"	9/21/2023	"2023-09-21 20:29:25"
25	"2023-09-22 11:50:25"	9/22/2023	"2023-09-22 20:44:38"
25	"2023-09-23 11:51:12"	9/23/2023	"2023-09-23 20:23:45"
25	"2023-09-24 11:59:18"	9/24/2023	"2023-09-24 20:48:57"
25	"2023-09-25 12:03:22"	9/25/2023	"2023-09-25 20:37:35"
25	"2023-09-26 13:14:38"	9/26/2023	"2023-09-26 19:37:00"
25	"2023-09-28 12:09:23"	9/29/2023	"2023-09-28 20:23:34"
25	"2023-09-29 11:56:29"	9/29/2023	"2023-09-29 20:42:31"
25	"2023-09-30 11:54:02"	9/30/2023	"2023-09-30 20:17:47"
25	"2023-09-31 11:56:17"	9/31/2023	"2023-09-31 18:36:30"
26	"2023-09-01 12:18:15"	9/1/2023	"2023-09-01 23:14:51"
26	"2023-09-02 12:44:29"	9/2/2023	"2023-09-02 22:10:36"
26	"2023-09-03 12:05:13"	9/3/2023	"2023-09-03 22:26:07"
26	"2023-09-04 11:51:55"	9/4/2023	"2023-09-04 21:49:13"
26	"2023-09-05 12:22:57"	9/5/2023	"2023-09-05 22:25:24"
26	"2023-09-07 12:05:48"	9/7/2023	"2023-09-07 23:12:36"
26	"2023-09-09 11:54:14"	9/9/2023	"2023-09-09 22:25:14"
26	"2023-09-09 13:56:05"	9/9/2023	"2023-09-09 23:04:11"
26	"2023-09-10 12:10:19"	9/10/2023	"2023-09-10 22:00:51"
26	"2023-09-11 11:52:46"	9/11/2023	"2023-09-11 22:23:19"
26	"2023-09-12 14:26:11"	9/12/2023	"2023-09-12 23:42:10"
26	"2023-09-15 11:58:06"	9/15/2023	"2023-09-15 22:03:07"
26	"2023-09-16 11:43:15"	9/16/2023	"2023-09-16 22:17:41"
26	"2023-09-17 13:15:25"	9/17/2023	"2023-09-18 11:36:57"
26	"2023-09-18 11:37:02"	9/19/2023	"2023-09-18 21:10:58"
26	"2023-09-19 11:30:20"	9/19/2023	"2023-09-19 21:11:00"
26	"2023-09-21 11:56:44"	9/21/2023	"2023-09-21 21:47:05"
26	"2023-09-22 11:54:04"	9/22/2023	"2023-09-22 21:44:32"
26	"2023-09-23 11:38:16"	9/23/2023	"2023-09-23 21:36:37"
26	"2023-09-24 12:35:17"	9/24/2023	"2023-09-24 21:58:09"
26	"2023-09-25 11:55:46"	9/25/2023	"2023-09-25 21:51:43"
26	"2023-09-28 12:34:58"	9/29/2023	"2023-09-28 22:56:22"
26	"2023-09-29 11:49:53"	9/29/2023	"2023-09-29 23:34:45"
26	"2023-09-30 22:09:01"	9/30/2023	"2023-09-30 22:09:45"
26	"2023-09-31 12:12:26"	9/31/2023	"2023-09-01 01:41:04"
27	"2023-09-01 11:21:59"	9/1/2023	"2023-09-01 23:25:46"
27	"2023-09-02 11:30:47"	9/2/2023	"2023-09-02 22:17:32"
27	"2023-09-03 11:21:04"	9/3/2023	"2023-09-03 22:56:42"
27	"2023-09-04 11:36:26"	9/4/2023	"2023-09-04 21:52:34"
27	"2023-09-05 11:09:48"	9/5/2023	"2023-09-05 23:07:03"
27	"2023-09-07 11:32:10"	9/7/2023	"2023-09-07 23:22:05"
27	"2023-09-09 11:26:46"	9/9/2023	"2023-09-09 22:26:35"
27	"2023-09-09 11:38:49"	9/9/2023	"2023-09-09 23:06:18"
27	"2023-09-10 11:27:06"	9/10/2023	"2023-09-10 22:02:15"
27	"2023-09-11 11:35:04"	9/11/2023	"2023-09-11 22:28:15"
27	"2023-09-12 11:31:02"	9/12/2023	"2023-09-12 23:42:17"
27	"2023-09-15 11:28:58"	9/15/2023	"2023-09-15 22:26:12"
27	"2023-09-16 11:26:22"	9/16/2023	"2023-09-17 11:23:25"
27	"2023-09-17 11:23:32"	9/17/2023	"2023-09-17 20:33:28"
27	"2023-09-18 11:29:55"	9/19/2023	"2023-09-18 21:35:05"
27	"2023-09-19 10:58:11"	9/19/2023	"2023-09-19 21:23:36"
27	"2023-09-21 11:01:22"	9/21/2023	"2023-09-21 21:48:27"
27	"2023-09-22 11:07:37"	9/22/2023	"2023-09-22 21:57:49"
27	"2023-09-23 11:12:59"	9/23/2023	"2023-09-23 22:04:49"
27	"2023-09-24 11:34:45"	9/24/2023	"2023-09-24 21:54:57"
27	"2023-09-25 11:31:58"	9/25/2023	"2023-09-25 21:58:45"
27	"2023-09-26 11:13:23"	9/26/2023	"2023-09-26 22:12:06"
27	"2023-09-28 11:17:03"	9/29/2023	"2023-09-28 23:26:21"
27	"2023-09-29 11:17:36"	9/29/2023	"2023-09-30 00:10:02"
27	"2023-09-30 11:18:27"	9/30/2023	"2023-09-30 22:43:51"
27	"2023-09-31 11:07:43"	9/31/2023	"2023-09-01 01:41:50"
28	"2023-09-02 11:47:22"	9/2/2023	"2023-09-02 20:56:46"
28	"2023-09-03 11:57:06"	9/3/2023	"2023-09-03 20:37:49"
28	"2023-09-04 12:48:39"	9/4/2023	"2023-09-04 20:36:54"
28	"2023-09-05 11:33:04"	9/5/2023	"2023-09-05 20:33:30"
28	"2023-09-07 12:39:16"	9/7/2023	"2023-09-07 20:37:00"
28	"2023-09-09 12:03:53"	9/9/2023	"2023-09-09 20:39:50"
28	"2023-09-09 12:34:35"	9/9/2023	"2023-09-09 20:30:00"
28	"2023-09-10 11:32:02"	9/10/2023	"2023-09-10 20:34:17"
28	"2023-09-11 12:58:34"	9/11/2023	"2023-09-11 20:30:00"
28	"2023-09-12 11:30:29"	9/12/2023	"2023-09-12 20:52:55"
28	"2023-09-15 12:33:18"	9/15/2023	"2023-09-15 21:29:03"
28	"2023-09-16 12:45:12"	9/16/2023	"2023-09-16 21:04:46"
28	"2023-09-17 11:55:54"	9/17/2023	"2023-09-17 20:42:26"
28	"2023-09-18 13:01:19"	9/19/2023	"2023-09-18 20:31:09"
28	"2023-09-19 11:34:34"	9/19/2023	"2023-09-19 20:36:40"
28	"2023-09-21 12:48:15"	9/21/2023	"2023-09-21 20:56:24"
28	"2023-09-22 11:49:41"	9/22/2023	"2023-09-22 20:29:51"
28	"2023-09-23 12:48:42"	9/23/2023	"2023-09-23 20:37:12"
28	"2023-09-24 11:58:50"	9/24/2023	"2023-09-24 20:31:09"
28	"2023-09-25 12:48:53"	9/25/2023	"2023-09-25 20:39:26"
28	"2023-09-26 11:42:25"	9/26/2023	"2023-09-26 20:56:17"
28	"2023-09-28 12:32:22"	9/29/2023	"2023-09-28 20:30:00"
28	"2023-09-29 11:30:00"	9/29/2023	"2023-09-29 20:32:52"
28	"2023-09-31 11:55:57"	9/30/2023	"2023-09-30 20:30:03"
28	"2023-09-31 11:55:57"	9/31/2023	"2023-09-31 19:59:59"
29	"2023-09-01 11:32:43"	9/1/2023	"2023-09-01 20:34:16"
29	"2023-09-02 11:00:20"	9/2/2023	"2023-09-02 20:30:00"
29	"2023-09-03 11:05:42"	9/3/2023	"2023-09-03 20:36:25"
29	"2023-09-04 11:02:17"	9/4/2023	"2023-09-04 20:50:01"
29	"2023-09-05 11:36:14"	9/5/2023	"2023-09-05 20:55:24"
29	"2023-09-07 11:32:03"	9/7/2023	"2023-09-07 20:32:16"
29	"2023-09-09 11:13:40"	9/9/2023	"2023-09-09 21:06:51"
29	"2023-09-09 11:28:01"	9/9/2023	"2023-09-09 20:36:49"
29	"2023-09-10 11:40:24"	9/10/2023	"2023-09-10 19:54:58"
29	"2023-09-11 12:22:03"	9/11/2023	"2023-09-11 20:58:14"
29	"2023-09-12 11:39:09"	9/12/2023	"2023-09-12 21:11:26"
29	"2023-09-15 11:35:22"	9/15/2023	"2023-09-15 21:10:15"
29	"2023-09-17 11:40:51"	9/16/2023	"2023-09-16 21:11:18"
29	"2023-09-17 11:40:51"	9/17/2023	"2023-09-17 21:19:18"
29	"2023-09-18 11:59:48"	9/19/2023	"2023-09-18 21:11:12"
29	"2023-09-19 11:05:01"	9/19/2023	"2023-09-19 20:30:00"
29	"2023-09-21 11:41:06"	9/21/2023	"2023-09-21 21:15:01"
29	"2023-09-22 11:31:09"	9/22/2023	"2023-09-22 20:30:00"
29	"2023-09-23 11:39:34"	9/23/2023	"2023-09-23 21:23:14"
29	"2023-09-24 11:44:15"	9/24/2023	"2023-09-24 20:30:00"
29	"2023-09-25 10:57:21"	9/25/2023	"2023-09-25 20:46:54"
29	"2023-09-26 11:28:39"	9/26/2023	"2023-09-26 21:05:36"
29	"2023-09-28 11:44:35"	9/29/2023	"2023-09-28 21:34:51"
29	"2023-09-29 11:41:40"	9/29/2023	"2023-09-29 21:18:24"
29	"2023-09-30 10:59:49"	9/30/2023	"2023-09-30 20:20:20"
29	"2023-09-31 12:02:44"	9/31/2023	"2023-09-31 20:30:16"
30	"2023-09-01 14:27:17"	9/1/2023	"2023-09-01 20:30:00"
30	"2023-09-02 12:22:21"	9/2/2023	"2023-09-02 20:40:05"
30	"2023-09-03 12:26:26"	9/3/2023	"2023-09-03 20:43:22"
30	"2023-09-04 12:23:41"	9/4/2023	"2023-09-04 20:51:33"
30	"2023-09-05 12:13:48"	9/5/2023	"2023-09-05 20:30:00"
30	"2023-09-07 11:58:05"	9/7/2023	"2023-09-07 21:16:26"
30	"2023-09-09 12:50:33"	9/9/2023	"2023-09-09 19:38:29"
30	"2023-09-09 12:25:13"	9/9/2023	"2023-09-09 20:30:00"
30	"2023-09-10 12:04:35"	9/10/2023	"2023-09-10 20:40:54"
30	"2023-09-11 12:42:16"	9/11/2023	"2023-09-11 21:13:11"
30	"2023-09-12 11:41:10"	9/12/2023	"2023-09-12 20:30:00"
30	"2023-09-17 12:51:29"	9/17/2023	"2023-09-17 20:40:34"
30	"2023-09-18 13:52:18"	9/19/2023	"2023-09-18 20:39:55"
30	"2023-09-19 12:02:31"	9/19/2023	"2023-09-19 20:42:28"
30	"2023-09-21 11:28:45"	9/21/2023	"2023-09-21 21:05:37"
30	"2023-09-22 11:48:20"	9/22/2023	"2023-09-22 21:20:29"
30	"2023-09-23 12:41:11"	9/23/2023	"2023-09-23 21:06:04"
30	"2023-09-24 11:36:23"	9/24/2023	"2023-09-24 20:59:17"
30	"2023-09-25 11:36:50"	9/25/2023	"2023-09-25 20:06:39"
30	"2023-09-26 12:20:30"	9/26/2023	"2023-09-26 20:30:00"
30	"2023-09-28 11:37:56"	9/29/2023	"2023-09-28 20:25:20"
30	"2023-09-29 11:41:47"	9/29/2023	"2023-09-29 21:14:53"
30	"2023-09-30 13:13:15"	9/30/2023	"2023-09-30 21:09:00"
30	"2023-09-31 11:49:34"	9/31/2023	"2023-09-31 20:53:12"
31	"2023-09-01 11:54:19"	9/1/2023	"2023-09-01 21:43:47"
31	"2023-09-02 11:45:27"	9/2/2023	"2023-09-02 21:38:09"
31	"2023-09-03 12:01:23"	9/3/2023	"2023-09-03 21:52:42"
31	"2023-09-04 12:04:06"	9/4/2023	"2023-09-04 18:30:32"
31	"2023-09-05 12:14:44"	9/5/2023	"2023-09-05 21:42:47"
31	"2023-09-07 11:37:17"	9/7/2023	"2023-09-07 21:37:50"
31	"2023-09-09 11:43:29"	9/9/2023	"2023-09-09 21:42:20"
31	"2023-09-10 11:57:14"	9/10/2023	"2023-09-10 21:57:41"
31	"2023-09-11 12:16:23"	9/11/2023	"2023-09-11 20:30:00"
31	"2023-09-12 12:02:52"	9/12/2023	"2023-09-12 20:36:39"
31	"2023-09-15 11:40:42"	9/15/2023	"2023-09-15 21:00:18"
31	"2023-09-16 11:24:28"	9/16/2023	"2023-09-16 21:16:09"
31	"2023-09-17 12:06:35"	9/17/2023	"2023-09-17 20:23:19"
31	"2023-09-18 11:44:48"	9/19/2023	"2023-09-18 22:03:05"
31	"2023-09-19 12:11:46"	9/19/2023	"2023-09-19 20:30:00"
31	"2023-09-21 13:53:22"	9/21/2023	"2023-09-21 21:59:16"
31	"2023-09-22 12:03:54"	9/22/2023	"2023-09-22 20:30:00"
31	"2023-09-23 11:57:01"	9/23/2023	"2023-09-23 20:30:00"
31	"2023-09-24 12:25:20"	9/24/2023	"2023-09-24 21:38:55"
31	"2023-09-25 11:50:16"	9/25/2023	"2023-09-25 20:54:52"
31	"2023-09-26 12:04:06"	9/26/2023	"2023-09-26 21:09:32"
31	"2023-09-28 11:30:00"	9/29/2023	"2023-09-28 21:36:46"
32	"2023-09-01 11:24:29"	9/1/2023	"2023-09-02 00:46:42"
32	"2023-09-02 12:49:45"	9/2/2023	"2023-09-03 00:19:29"
32	"2023-09-03 11:21:36"	9/3/2023	"2023-09-04 11:07:59"
32	"2023-09-04 11:07:54"	9/4/2023	"2023-09-05 10:58:38"
32	"2023-09-05 11:30:00"	9/5/2023	"2023-09-05 20:52:14"
32	"2023-09-07 10:50:51"	9/7/2023	"2023-09-09 01:23:23"
32	"2023-09-09 11:25:40"	9/9/2023	"2023-09-09 00:41:06"
32	"2023-09-09 00:41:02"	9/9/2023	"2023-09-10 00:27:32"
32	"2023-09-10 10:59:29"	9/10/2023	"2023-09-11 00:23:33"
32	"2023-09-11 11:04:54"	9/11/2023	"2023-09-11 23:53:06"
32	"2023-09-12 11:26:27"	9/12/2023	"2023-09-12 20:37:54"
32	"2023-09-15 11:01:58"	9/15/2023	"2023-09-16 00:27:56"
32	"2023-09-16 13:15:50"	9/16/2023	"2023-09-17 00:35:34"
32	"2023-09-17 11:09:38"	9/17/2023	"2023-09-18 00:45:46"
32	"2023-09-18 11:02:05"	9/19/2023	"2023-09-19 00:22:49"
32	"2023-09-19 10:58:04"	9/19/2023	"2023-09-19 21:17:37"
32	"2023-09-21 11:11:13"	9/21/2023	"2023-09-22 00:59:13"
32	"2023-09-22 10:52:22"	9/22/2023	"2023-09-23 00:26:44"
32	"2023-09-23 11:02:25"	9/23/2023	"2023-09-24 00:37:57"
32	"2023-09-24 11:04:19"	9/24/2023	"2023-09-25 00:33:01"
32	"2023-09-25 11:15:11"	9/25/2023	"2023-09-26 00:30:53"
32	"2023-09-26 10:57:12"	9/26/2023	"2023-09-26 20:45:21"
32	"2023-09-28 11:07:35"	9/29/2023	"2023-09-29 00:40:38"
32	"2023-09-29 11:17:43"	9/29/2023	"2023-09-30 00:34:12"
32	"2023-09-30 11:14:59"	9/30/2023	"2023-09-31 00:33:41"
32	"2023-09-31 11:10:42"	9/31/2023	"2023-09-01 00:37:01"
33	"2023-09-04 11:44:29"	9/4/2023	"2023-09-04 20:30:00"
33	"2023-09-05 11:42:09"	9/5/2023	"2023-09-05 20:57:02"
33	"2023-09-09 11:41:11"	9/9/2023	"2023-09-09 20:41:17"
33	"2023-09-09 11:41:10"	9/9/2023	"2023-09-09 20:34:45"
33	"2023-09-10 11:42:54"	9/10/2023	"2023-09-10 20:30:00"
33	"2023-09-11 11:51:14"	9/11/2023	"2023-09-11 20:42:44"
33	"2023-09-12 11:43:22"	9/12/2023	"2023-09-12 21:26:30"
33	"2023-09-15 11:41:59"	9/15/2023	"2023-09-15 20:31:10"
33	"2023-09-16 11:38:48"	9/16/2023	"2023-09-16 20:35:48"
33	"2023-09-17 13:26:02"	9/17/2023	"2023-09-17 20:30:00"
33	"2023-09-18 11:41:27"	9/19/2023	"2023-09-18 20:30:00"
33	"2023-09-19 11:39:47"	9/19/2023	"2023-09-19 20:38:35"
33	"2023-09-21 11:44:05"	9/21/2023	"2023-09-21 20:32:47"
33	"2023-09-22 11:43:52"	9/22/2023	"2023-09-22 20:30:00"
33	"2023-09-23 11:45:07"	9/23/2023	"2023-09-23 20:41:54"
33	"2023-09-24 11:35:57"	9/24/2023	"2023-09-24 20:30:00"
33	"2023-09-25 11:39:05"	9/25/2023	"2023-09-25 20:34:33"
33	"2023-09-28 11:42:12"	9/29/2023	"2023-09-28 20:35:52"
33	"2023-09-29 11:43:21"	9/29/2023	"2023-09-29 20:33:36"
33	"2023-09-30 11:41:12"	9/30/2023	"2023-09-30 20:37:57"
33	"2023-09-31 11:41:45"	9/31/2023	"2023-09-31 20:38:11"
34	"2023-09-02 11:31:47"	9/2/2023	"2023-09-02 20:30:00"
34	"2023-09-09 11:36:40"	9/9/2023	"2023-09-09 20:30:00"
34	"2023-09-09 11:32:10"	9/9/2023	"2023-09-09 20:30:00"
34	"2023-09-10 11:24:53"	9/10/2023	"2023-09-10 20:30:00"
34	"2023-09-15 11:27:14"	9/15/2023	"2023-09-15 20:30:00"
34	"2023-09-16 11:28:19"	9/16/2023	"2023-09-16 20:30:00"
34	"2023-09-17 11:29:05"	9/17/2023	"2023-09-17 20:30:00"
34	"2023-09-18 11:24:18"	9/19/2023	"2023-09-18 20:30:00"
34	"2023-09-19 11:22:26"	9/19/2023	"2023-09-19 20:30:00"
34	"2023-09-21 11:24:21"	9/21/2023	"2023-09-21 20:30:00"
34	"2023-09-24 11:32:52"	9/24/2023	"2023-09-24 20:30:00"
34	"2023-09-25 11:15:48"	9/25/2023	"2023-09-25 20:30:00"
34	"2023-09-26 13:50:14"	9/26/2023	"2023-09-26 20:30:00"
34	"2023-09-28 11:33:40"	9/29/2023	"2023-09-28 20:30:00"
34	"2023-09-29 11:23:50"	9/29/2023	"2023-09-29 20:30:00"
34	"2023-09-30 11:29:41"	9/30/2023	"2023-09-30 20:30:00"
34	"2023-09-31 11:42:56"	9/31/2023	"2023-09-31 20:30:00"
35	"2023-09-03 11:10:47"	9/3/2023	"2023-09-03 20:30:00"
35	"2023-09-04 11:14:55"	9/4/2023	"2023-09-04 20:30:00"
35	"2023-09-05 11:13:32"	9/5/2023	"2023-09-05 20:30:00"
35	"2023-09-07 11:16:33"	9/7/2023	"2023-09-07 20:30:00"
35	"2023-09-09 11:16:31"	9/9/2023	"2023-09-09 20:30:00"
35	"2023-09-09 11:22:13"	9/9/2023	"2023-09-09 20:30:00"
35	"2023-09-10 11:22:20"	9/10/2023	"2023-09-10 20:30:00"
35	"2023-09-11 11:21:53"	9/11/2023	"2023-09-11 20:30:00"
35	"2023-09-12 11:28:17"	9/12/2023	"2023-09-12 20:30:00"
35	"2023-09-15 11:21:49"	9/15/2023	"	"
35	"2023-09-16 11:25:29"	9/16/2023	"	"
35	"2023-09-17 11:22:13"	9/17/2023	"	"
35	"2023-09-18 11:20:57"	9/19/2023	"	"
35	"2023-09-19 11:17:05"	9/19/2023	"	"
35	"2023-09-21 11:17:20"	9/21/2023	"	"
35	"2023-09-22 11:22:39"	9/22/2023	"2023-09-22 22:23:20"
35	"2023-09-23 11:15:19"	9/23/2023	"2023-09-23 22:00:39"
35	"2023-09-24 17:13:42"	9/24/2023	"2023-09-24 20:47:38"
35	"2023-09-26 11:26:36"	9/25/2023	"2023-09-25 21:01:42"
35	"2023-09-26 11:26:36"	9/26/2023	"2023-09-26 21:27:01"
35	"2023-09-28 11:24:06"	9/29/2023	"	"
35	"	"	                9/29/2023	"2023-09-29 21:03:16"
36	"2023-09-02 11:41:09"	9/2/2023	"2023-09-02 20:58:35"
36	"2023-09-03 11:35:01"	9/3/2023	"2023-09-03 20:11:34"
36	"2023-09-04 11:44:20"	9/4/2023	"2023-09-04 19:23:18"
36	"2023-09-07 11:49:04"	9/7/2023	"2023-09-07 21:25:41"
36	"2023-09-09 11:40:42"	9/9/2023	"2023-09-09 19:55:03"
36	"2023-09-09 11:40:07"	9/9/2023	"2023-09-09 21:42:59"
36	"2023-09-10 11:35:19"	9/10/2023	"2023-09-10 19:18:04"
36	"2023-09-11 11:43:29"	9/11/2023	"2023-09-11 19:16:59"
36	"2023-09-12 11:43:40"	9/12/2023	"2023-09-12 22:03:12"
36	"2023-09-15 11:45:58"	9/15/2023	"2023-09-15 19:14:23"
36	"2023-09-16 11:41:02"	9/16/2023	"2023-09-16 18:57:31"
36	"2023-09-17 11:38:04"	9/17/2023	"2023-09-17 19:01:12"
36	"2023-09-18 11:54:12"	9/19/2023	"2023-09-18 18:59:09"
36	"2023-09-19 11:47:09"	9/19/2023	"2023-09-19 18:59:20"
36	"2023-09-21 11:49:09"	9/21/2023	"2023-09-21 19:09:21"
37	"2023-09-01 12:09:57"	9/1/2023	"2023-09-01 20:32:39"
37	"2023-09-02 11:59:53"	9/2/2023	"2023-09-02 20:24:31"
37	"2023-09-03 11:53:52"	9/3/2023	"2023-09-03 20:20:55"
37	"2023-09-04 11:59:12"	9/4/2023	"2023-09-04 20:18:31"
37	"2023-09-07 12:04:09"	9/7/2023	"2023-09-07 20:31:58"
37	"2023-09-09 11:52:32"	9/9/2023	"2023-09-09 20:37:21"
37	"2023-09-09 11:54:03"	9/9/2023	"2023-09-09 20:19:54"
37	"2023-09-10 13:50:30"	9/10/2023	"2023-09-10 20:17:24"
37	"2023-09-11 11:58:29"	9/11/2023	"2023-09-11 20:15:31"
37	"2023-09-15 12:02:41"	9/15/2023	"2023-09-15 20:29:49"
37	"2023-09-16 13:29:32"	9/16/2023	"2023-09-16 20:17:36"
37	"2023-09-17 12:02:09"	9/17/2023	"2023-09-17 20:18:49"
37	"2023-09-18 11:48:31"	9/19/2023	"2023-09-18 20:19:21"
37	"2023-09-21 11:45:40"	9/21/2023	"2023-09-21 20:19:40"
37	"2023-09-22 11:50:21"	9/22/2023	"2023-09-22 20:44:54"
37	"2023-09-23 12:01:03"	9/23/2023	"2023-09-23 20:15:11"
37	"2023-09-24 12:36:51"	9/24/2023	"2023-09-24 20:19:42"
37	"2023-09-25 12:03:29"	9/25/2023	"2023-09-25 20:32:30"
37	"2023-09-28 11:54:32"	9/29/2023	"2023-09-28 20:18:55"
37	"2023-09-29 12:09:04"	9/29/2023	"2023-09-29 20:20:46"
37	"2023-09-30 12:12:56"	9/30/2023	"2023-09-30 20:14:21"
37	"2023-09-31 12:16:13"	9/31/2023	"2023-09-31 20:23:35"
38	"2023-09-01 11:40:14"	9/1/2023	"2023-09-01 21:14:01"
38	"2023-09-02 11:42:45"	9/2/2023	"2023-09-02 21:03:19"
38	"2023-09-03 14:11:20"	9/3/2023	"2023-09-03 21:10:47"
38	"2023-09-04 11:40:15"	9/4/2023	"2023-09-04 21:05:54"
38	"2023-09-05 11:33:34"	9/5/2023	"	"
38	"2023-09-07 11:43:41"	9/7/2023	"2023-09-07 21:22:18"
38	"2023-09-09 11:51:22"	9/9/2023	"2023-09-09 21:36:41"
38	"2023-09-09 11:46:14"	9/9/2023	"2023-09-09 21:29:29"
38	"2023-09-10 11:46:49"	9/10/2023	"2023-09-10 21:11:51"
38	"2023-09-11 11:49:29"	9/11/2023	"2023-09-11 21:04:53"
38	"2023-09-12 11:44:35"	9/12/2023	"2023-09-12 22:20:42"
38	"2023-09-15 11:41:31"	9/15/2023	"2023-09-15 21:29:36"
38	"2023-09-16 12:32:55"	9/16/2023	"2023-09-16 21:15:26"
38	"2023-09-17 11:46:33"	9/17/2023	"2023-09-17 21:12:11"
38	"2023-09-18 11:43:57"	9/19/2023	"2023-09-18 21:12:47"
38	"2023-09-19 11:46:42"	9/19/2023	"2023-09-19 21:29:37"
38	"2023-09-21 11:47:37"	9/21/2023	"2023-09-21 21:15:20"
38	"2023-09-22 12:35:46"	9/22/2023	"2023-09-22 21:31:13"
38	"2023-09-23 11:44:53"	9/23/2023	"2023-09-23 21:51:04"
38	"2023-09-24 11:43:31"	9/24/2023	"2023-09-24 21:00:14"
38	"2023-09-25 11:45:01"	9/25/2023	"2023-09-25 21:37:39"
38	"2023-09-26 12:20:01"	9/26/2023	"2023-09-26 21:16:33"
38	"2023-09-28 11:44:58"	9/29/2023	"2023-09-28 21:33:17"
38	"2023-09-29 11:44:18"	9/29/2023	"2023-09-29 21:24:44"
38	"2023-09-30 11:46:31"	9/30/2023	"2023-09-30 21:29:40"
38	"2023-09-31 11:46:20"	9/31/2023	"2023-09-31 22:09:34"
39	"2023-09-01 11:26:10"	9/1/2023	"	"
39	"2023-09-02 11:11:27"	9/2/2023	"2023-09-02 21:03:25"
39	"2023-09-03 11:20:41"	9/3/2023	"2023-09-03 21:10:26"
39	"2023-09-04 10:59:29"	9/4/2023	"2023-09-04 21:05:56"
39	"2023-09-05 11:28:22"	9/5/2023	"2023-09-05 20:57:26"
39	"2023-09-07 11:28:57"	9/7/2023	"2023-09-07 21:22:20"
39	"2023-09-09 11:29:20"	9/9/2023	"2023-09-09 21:36:51"
39	"2023-09-09 11:26:27"	9/9/2023	"2023-09-09 16:09:07"
39	"2023-09-10 11:12:33"	9/10/2023	"2023-09-10 21:11:38"
39	"2023-09-11 11:23:58"	9/11/2023	"2023-09-11 18:25:00"
39	"2023-09-12 11:29:42"	9/12/2023	"2023-09-12 19:05:11"
39	"2023-09-15 11:13:42"	9/15/2023	"2023-09-15 21:29:45"
39	"2023-09-16 11:27:22"	9/16/2023	"	"
39	"2023-09-17 11:30:28"	9/17/2023	"2023-09-17 21:25:32"
39	"2023-09-18 11:29:16"	9/19/2023	"2023-09-19 11:14:51"
39	"2023-09-19 11:14:54"	9/19/2023	"2023-09-19 21:48:06"
39	"2023-09-21 11:15:49"	9/21/2023	"2023-09-21 21:15:23"
39	"2023-09-22 11:34:36"	9/22/2023	"2023-09-22 21:31:17"
39	"2023-09-23 11:02:11"	9/23/2023	"2023-09-23 13:37:07"
39	"2023-09-24 11:10:26"	9/24/2023	"2023-09-24 21:11:39"
39	"2023-09-25 11:40:59"	9/25/2023	"2023-09-25 20:34:57"
39	"2023-09-26 11:09:49"	9/26/2023	"2023-09-26 21:16:48"
39	"2023-09-28 11:46:18"	9/29/2023	"2023-09-28 21:33:24"
39	"2023-09-29 11:27:56"	9/29/2023	"2023-09-29 21:24:37"
39	"2023-09-30 11:15:13"	9/30/2023	"2023-09-30 21:29:42"
39	"2023-09-31 11:29:03"	9/31/2023	"2023-09-31 20:54:42"
40	"2023-09-01 11:23:39"	9/1/2023	"2023-09-01 20:32:58"
40	"2023-09-02 11:17:29"	9/2/2023	"2023-09-02 20:36:06"
40	"2023-09-04 11:09:53"	9/3/2023	"2023-09-03 20:36:43"
40	"2023-09-04 11:09:53"	9/4/2023	"2023-09-04 20:34:09"
40	"	"	                9/5/2023	"2023-09-05 20:40:17"
40	"2023-09-07 11:35:11"	9/7/2023	"2023-09-07 21:05:02"
40	"2023-09-09 11:30:51"	9/9/2023	"2023-09-09 20:40:42"
40	"2023-09-09 11:19:48"	9/9/2023	"2023-09-09 20:24:29"
40	"2023-09-10 11:33:50"	9/10/2023	"2023-09-10 20:32:59"
40	"2023-09-11 11:22:47"	9/11/2023	"2023-09-11 20:31:10"
40	"2023-09-12 11:16:44"	9/12/2023	"2023-09-12 20:33:21"
40	"2023-09-15 11:51:45"	9/15/2023	"2023-09-15 20:51:13"
40	"2023-09-16 11:35:23"	9/16/2023	"2023-09-16 20:32:33"
40	"2023-09-17 11:16:41"	9/17/2023	"2023-09-17 20:33:20"
40	"2023-09-18 11:38:28"	9/19/2023	"2023-09-18 20:32:42"
40	"2023-09-19 11:52:20"	9/19/2023	"2023-09-19 20:40:32"
40	"2023-09-21 11:31:24"	9/21/2023	"2023-09-21 20:22:05"
40	"2023-09-22 11:36:47"	9/22/2023	"2023-09-22 20:27:13"
40	"2023-09-23 11:40:47"	9/23/2023	"2023-09-23 20:22:25"
40	"2023-09-24 11:25:45"	9/24/2023	"2023-09-24 20:30:02"
40	"2023-09-25 11:35:55"	9/25/2023	"2023-09-25 20:37:19"
40	"2023-09-26 11:45:46"	9/26/2023	"2023-09-26 20:30:46"
40	"2023-09-28 12:13:28"	9/29/2023	"2023-09-28 20:26:37"
40	"2023-09-29 11:36:14"	9/29/2023	"2023-09-29 20:22:13"
40	"2023-09-30 11:44:19"	9/30/2023	"2023-09-30 20:48:51"
40	"2023-09-31 11:17:37"	9/31/2023	"2023-09-31 20:26:53"
41	"2023-09-01 12:07:18"	9/1/2023	"2023-09-01 20:36:12"
41	"2023-09-02 11:26:37"	9/2/2023	"2023-09-02 20:41:46"
41	"2023-09-03 13:36:38"	9/3/2023	"2023-09-03 20:29:22"
41	"2023-09-04 11:37:47"	9/4/2023	"2023-09-04 20:37:06"
41	"2023-09-05 11:24:43"	9/5/2023	"2023-09-05 20:36:07"
41	"2023-09-07 11:53:58"	9/7/2023	"	"
41	"2023-09-09 11:24:21"	9/9/2023	"2023-09-09 20:34:53"
41	"2023-09-09 11:11:50"	9/9/2023	"	"
41	"2023-09-10 12:36:03"	9/10/2023	"2023-09-10 20:30:39"
41	"2023-09-11 11:33:49"	9/11/2023	"2023-09-11 20:53:19"
41	"	"	                9/12/2023	"2023-09-12 20:37:58"
41	"2023-09-15 12:58:31"	9/15/2023	"2023-09-15 20:42:42"
41	"2023-09-16 11:35:55"	9/16/2023	"2023-09-16 20:31:39"
41	"2023-09-17 11:54:02"	9/17/2023	"2023-09-17 20:27:24"
41	"2023-09-18 13:15:03"	9/19/2023	"2023-09-18 20:34:42"
41	"2023-09-19 11:36:06"	9/19/2023	"2023-09-19 20:31:37"
41	"2023-09-22 11:28:37"	9/22/2023	"2023-09-22 20:51:01"
41	"2023-09-23 11:36:14"	9/23/2023	"2023-09-23 20:32:38"
41	"2023-09-24 11:36:54"	9/24/2023	"2023-09-24 20:27:42"
41	"2023-09-25 12:07:17"	9/25/2023	"2023-09-25 20:38:54"
41	"2023-09-26 11:35:22"	9/26/2023	"2023-09-26 20:33:11"
41	"2023-09-28 12:09:13"	9/29/2023	"2023-09-28 20:37:47"
41	"2023-09-29 12:07:38"	9/29/2023	"2023-09-29 20:44:40"
41	"2023-09-30 13:19:25"	9/30/2023	"	"
42	"2023-09-01 11:55:10"	9/1/2023	"2023-09-01 20:28:25"
42	"2023-09-02 11:49:09"	9/2/2023	"2023-09-02 20:48:50"
42	"2023-09-03 11:54:09"	9/3/2023	"2023-09-03 18:25:06"
42	"2023-09-04 12:11:37"	9/4/2023	"2023-09-04 20:39:45"
42	"2023-09-25 12:07:36"	9/25/2023	"2023-09-25 20:37:43"
42	"2023-09-26 11:59:07"	9/26/2023	"2023-09-26 20:31:28"
42	"2023-09-28 11:54:04"	9/29/2023	"2023-09-28 20:38:12"
42	"2023-09-29 14:48:50"	9/29/2023	"2023-09-29 20:48:15"
42	"2023-09-30 11:38:15"	9/30/2023	"2023-09-30 20:47:02"
42	"2023-09-31 11:55:34"	9/31/2023	"2023-09-31 20:27:12"
43	"	"	                9/3/2023	"2023-09-03 19:28:23"
43	"2023-09-04 12:23:13"	9/4/2023	"2023-09-04 20:19:09"
43	"2023-09-05 12:17:58"	9/5/2023	"2023-09-05 17:03:35"
43	"	"	                9/7/2023	"2023-09-07 19:09:14"
43	"2023-09-09 11:34:59"	9/9/2023	"	"
43	"2023-09-10 12:07:56"	9/10/2023	"2023-09-10 19:01:29"
43	"2023-09-11 12:25:22"	9/11/2023	"2023-09-11 19:47:07"
43	"2023-09-12 12:23:01"	9/12/2023	"2023-09-12 18:43:32"
43	"2023-09-15 11:44:23"	9/15/2023	"	"
43	"2023-09-16 12:21:46"	9/16/2023	"2023-09-16 19:32:44"
43	"2023-09-17 12:06:47"	9/17/2023	"	"
43	"2023-09-18 11:33:45"	9/19/2023	"2023-09-18 19:36:15"
43	"2023-09-21 11:47:11"	9/21/2023	"2023-09-21 19:51:15"
43	"2023-09-22 12:05:34"	9/22/2023	"2023-09-22 19:28:09"
43	"2023-09-23 12:02:54"	9/23/2023	"2023-09-23 19:13:11"
43	"2023-09-24 11:52:27"	9/24/2023	"2023-09-24 19:17:12"
43	"2023-09-25 12:13:46"	9/25/2023	"2023-09-25 19:11:19"
43	"2023-09-26 11:29:17"	9/26/2023	"2023-09-26 19:13:36"
43	"2023-09-28 12:38:59"	9/29/2023	"2023-09-28 19:09:14"
43	"2023-09-29 12:47:32"	9/29/2023	"2023-09-29 19:25:45"
43	"2023-09-30 12:29:11"	9/30/2023	"2023-09-30 20:25:16"
43	"2023-09-31 12:26:06"	9/31/2023	"2023-09-31 20:03:09"
44	"	"	                9/9/2023	"2023-09-09 22:15:09"
44	"2023-09-15 11:13:24"	9/15/2023	"	"
44	"2023-09-16 11:18:31"	9/16/2023	"2023-09-16 21:15:48"
45	"2023-09-01 14:25:22"	9/1/2023	"2023-09-01 22:16:26"
45	"2023-09-02 13:05:46"	9/2/2023	"2023-09-02 22:36:18"
45	"2023-09-03 12:51:30"	9/3/2023	"2023-09-04 00:20:00"
45	"2023-09-04 12:37:09"	9/4/2023	"2023-09-05 00:20:00"
45	"2023-09-05 14:54:27"	9/5/2023	"2023-09-05 22:21:09"
45	"2023-09-07 14:28:44"	9/7/2023	"2023-09-09 00:09:11"
45	"2023-09-09 14:20:19"	9/9/2023	"2023-09-09 01:26:41"
45	"2023-09-09 15:17:02"	9/9/2023	"2023-09-10 01:02:05"
45	"2023-09-11 15:46:17"	9/10/2023	"2023-09-12 01:22:45"
45	"2023-09-12 16:13:26"	9/12/2023	"2023-09-12 22:48:29"
45	"2023-09-16 14:16:38"	9/16/2023	"2023-09-17 00:41:13"
45	"2023-09-17 12:32:49"	9/17/2023	"2023-09-18 00:40:15"
45	"2023-09-18 13:21:53"	9/19/2023	"2023-09-18 23:01:13"
45	"2023-09-19 14:03:18"	9/19/2023	"2023-09-19 22:34:24"
45	"2023-09-21 13:33:34"	9/21/2023	"2023-09-21 22:42:36"
45	"2023-09-23 13:55:26"	9/23/2023	"2023-09-24 00:23:16"
45	"2023-09-24 14:03:58"	9/24/2023	"2023-09-25 00:24:37"
45	"2023-09-25 14:07:23"	9/25/2023	"2023-09-25 23:19:21"
45	"	"	                9/26/2023	"2023-09-26 21:32:53"
45	"	"	                9/29/2023	"2023-09-28 23:38:35"
45	"2023-09-29 12:49:40"	9/29/2023	"2023-09-30 00:06:09"
45	"2023-09-30 14:54:41"	9/30/2023	"2023-09-30 22:59:32"
45	"	"	                9/31/2023	"2023-09-01 00:27:41"
46	"2023-09-01 11:31:56"	9/1/2023	"2023-09-01 23:17:25"
46	"2023-09-02 11:50:22"	9/2/2023	"2023-09-02 22:10:55"
46	"2023-09-03 11:51:16"	9/3/2023	"2023-09-03 22:27:18"
46	"2023-09-04 12:11:19"	9/4/2023	"2023-09-04 21:49:11"
46	"2023-09-05 11:40:15"	9/5/2023	"2023-09-05 22:25:41"
46	"2023-09-07 12:10:52"	9/7/2023	"	"
46	"2023-09-09 11:43:25"	9/9/2023	"2023-09-09 21:55:47"
46	"2023-09-09 11:31:28"	9/9/2023	"2023-09-09 22:37:03"
46	"2023-09-10 11:41:06"	9/10/2023	"2023-09-10 21:53:36"
46	"2023-09-11 11:30:05"	9/11/2023	"2023-09-11 22:23:26"
46	"2023-09-12 11:49:24"	9/12/2023	"2023-09-12 23:30:35"
46	"2023-09-15 12:59:04"	9/15/2023	"2023-09-15 22:23:22"
46	"2023-09-16 16:25:40"	9/16/2023	"2023-09-16 21:09:49"
46	"2023-09-17 11:41:02"	9/17/2023	"2023-09-17 20:33:13"
46	"2023-09-18 12:02:11"	9/19/2023	"2023-09-18 21:28:59"
46	"2023-09-19 11:37:18"	9/19/2023	"2023-09-19 21:16:00"
46	"2023-09-21 11:40:17"	9/21/2023	"	"
46	"2023-09-22 11:37:44"	9/22/2023	"2023-09-22 21:43:13"
46	"2023-09-23 11:41:26"	9/23/2023	"2023-09-23 21:36:09"
46	"2023-09-24 11:44:35"	9/24/2023	"2023-09-24 21:46:41"
46	"2023-09-25 11:55:39"	9/25/2023	"2023-09-25 21:46:00"
46	"2023-09-26 12:34:12"	9/26/2023	"2023-09-26 22:11:04"
46	"2023-09-28 12:18:38"	9/29/2023	"2023-09-28 22:56:38"
46	"2023-09-29 12:02:16"	9/29/2023	"2023-09-29 23:29:10"
46	"2023-09-30 12:12:03"	9/30/2023	"2023-09-30 22:09:37"
46	"2023-09-31 11:35:02"	9/31/2023	"2023-09-01 01:40:11"
47	"2023-09-01 12:06:24"	9/1/2023	"2023-09-02 01:37:16"
47	"2023-09-02 11:04:05"	9/2/2023	"2023-09-02 19:56:11"
47	"2023-09-03 12:13:55"	9/3/2023	"2023-09-03 20:00:00"
47	"2023-09-04 11:31:40"	9/4/2023	"2023-09-04 20:01:35"
47	"2023-09-05 11:29:57"	9/5/2023	"2023-09-05 23:09:03"
47	"2023-09-07 11:26:58"	9/7/2023	"2023-09-07 19:58:39"
47	"2023-09-09 12:00:50"	9/9/2023	"2023-09-09 20:01:49"
47	"2023-09-09 11:51:09"	9/9/2023	"2023-09-09 20:00:31"
47	"2023-09-10 11:26:52"	9/10/2023	"2023-09-10 20:02:29"
47	"2023-09-11 11:32:04"	9/11/2023	"2023-09-11 20:15:52"
47	"2023-09-12 11:27:17"	9/12/2023	"2023-09-12 21:52:28"
47	"2023-09-15 11:53:40"	9/15/2023	"2023-09-15 20:10:43"
47	"2023-09-16 11:45:46"	9/16/2023	"2023-09-16 20:02:24"
47	"2023-09-17 11:29:54"	9/17/2023	"2023-09-17 19:33:12"
47	"2023-09-18 11:35:43"	9/19/2023	"2023-09-18 20:11:45"
47	"2023-09-19 12:27:51"	9/19/2023	"2023-09-19 20:11:51"
47	"2023-09-21 11:54:31"	9/21/2023	"2023-09-21 20:06:42"
47	"2023-09-22 11:50:43"	9/22/2023	"2023-09-22 20:10:32"
47	"2023-09-23 11:42:50"	9/23/2023	"2023-09-23 20:01:59"
47	"2023-09-24 11:43:16"	9/24/2023	"2023-09-24 20:04:37"
47	"2023-09-25 11:59:35"	9/25/2023	"2023-09-25 20:09:03"
47	"2023-09-26 11:55:19"	9/26/2023	"2023-09-26 20:04:30"
47	"2023-09-28 11:44:13"	9/29/2023	"2023-09-28 20:02:27"
47	"2023-09-29 12:06:12"	9/29/2023	"2023-09-29 20:00:29"
47	"2023-09-30 11:36:04"	9/30/2023	"2023-09-30 21:03:14"
47	"2023-09-31 11:47:49"	9/31/2023	"2023-09-31 20:11:15"
51	"2023-09-01 11:25:01"	9/1/2023	"2023-09-01 23:09:52"
51	"2023-09-02 11:52:48"	9/2/2023	"2023-09-02 22:14:10"
51	"2023-09-03 11:22:10"	9/3/2023	"2023-09-03 22:25:43"
51	"2023-09-04 11:53:09"	9/4/2023	"2023-09-04 21:11:05"
51	"2023-09-05 11:38:09"	9/5/2023	"2023-09-05 22:28:39"
51	"2023-09-07 11:31:21"	9/7/2023	"2023-09-07 23:10:30"
51	"2023-09-09 11:31:01"	9/9/2023	"2023-09-09 21:41:37"
51	"2023-09-09 11:41:16"	9/9/2023	"	"
51	"2023-09-10 11:41:15"	9/10/2023	"2023-09-10 21:59:13"
51	"2023-09-11 11:42:30"	9/11/2023	"2023-09-11 22:04:32"
51	"2023-09-12 11:32:03"	9/12/2023	"2023-09-12 23:30:49"
51	"2023-09-15 11:23:10"	9/15/2023	"2023-09-15 21:52:55"
51	"2023-09-16 11:36:55"	9/16/2023	"2023-09-16 20:59:25"
51	"2023-09-17 11:36:12"	9/17/2023	"2023-09-18 11:26:55"
51	"2023-09-18 11:27:01"	9/19/2023	"2023-09-18 22:17:36"
51	"2023-09-19 11:20:45"	9/19/2023	"2023-09-19 21:16:29"
51	"2023-09-21 11:32:03"	9/21/2023	"2023-09-21 21:32:12"
51	"2023-09-22 11:55:36"	9/22/2023	"2023-09-22 21:54:46"
51	"	"	                9/23/2023	"2023-09-23 21:38:56"
51	"2023-09-24 12:01:31"	9/24/2023	"2023-09-24 21:46:45"
51	"2023-09-25 11:48:24"	9/25/2023	"2023-09-25 21:44:53"
51	"2023-09-26 11:34:36"	9/26/2023	"2023-09-26 22:11:21"
51	"2023-09-28 11:37:11"	9/29/2023	"2023-09-28 22:52:04"
51	"2023-09-29 11:31:21"	9/29/2023	"2023-09-29 23:34:12"
51	"2023-09-30 11:50:56"	9/30/2023	"2023-09-30 22:04:20"
51	"2023-09-31 10:31:29"	9/31/2023	"2023-09-01 01:40:00"
61	"2023-09-01 11:21:40"	9/1/2023	"	"
61	"2023-09-03 11:15:59"	9/3/2023	"	"
61	"2023-09-04 11:26:50"	9/4/2023	"2023-09-04 20:44:27"
61	"2023-09-05 11:19:33"	9/5/2023	"2023-09-05 20:44:53"
61	"2023-09-07 11:21:09"	9/7/2023	"	"
61	"	"	                9/9/2023	"2023-09-09 20:44:21"
61	"2023-09-10 11:29:05"	9/10/2023	"	"
61	"2023-09-11 11:29:07"	9/11/2023	"	"
61	"2023-09-12 11:19:53"	9/12/2023	"2023-09-12 21:11:10"
61	"2023-09-15 11:42:36"	9/15/2023	"2023-09-15 20:58:58"
61	"2023-09-16 11:30:17"	9/16/2023	"	"
61	"2023-09-17 11:18:22"	9/17/2023	"	"
61	"2023-09-18 11:35:28"	9/19/2023	"	"
61	"2023-09-19 11:31:46"	9/19/2023	"	"
61	"2023-09-21 11:39:41"	9/21/2023	"	"
61	"2023-09-22 11:22:09"	9/22/2023	"	"
61	"2023-09-23 11:19:24"	9/23/2023	"	"
61	"2023-09-24 11:21:29"	9/24/2023	"	"
61	"2023-09-25 11:34:18"	9/25/2023	"	"
61	"2023-09-26 12:21:05"	9/26/2023	"	"
61	"2023-09-28 11:26:34"	9/29/2023	"	"
61	"2023-09-29 11:31:09"	9/29/2023	"	"
61	"2023-09-30 11:21:31"	9/30/2023	"	"
61	"2023-09-31 11:27:28"	9/31/2023	"	"
63	"2023-09-01 11:22:18"	9/1/2023	"2023-09-01 23:07:46"
63	"2023-09-02 11:26:12"	9/2/2023	"2023-09-02 22:14:44"
63	"2023-09-03 11:16:09"	9/3/2023	"2023-09-03 22:45:12"
63	"2023-09-04 11:15:25"	9/4/2023	"2023-09-04 21:34:31"
63	"2023-09-05 11:26:48"	9/5/2023	"2023-09-05 22:25:16"
63	"2023-09-07 11:24:30"	9/7/2023	"2023-09-07 23:10:32"
63	"2023-09-09 11:31:51"	9/9/2023	"2023-09-09 21:48:14"
63	"2023-09-09 11:27:28"	9/9/2023	"2023-09-09 22:24:34"
63	"2023-09-10 11:34:42"	9/10/2023	"2023-09-10 21:41:00"
63	"2023-09-11 11:38:42"	9/11/2023	"2023-09-11 22:06:39"
63	"2023-09-12 11:30:51"	9/12/2023	"2023-09-12 23:29:48"
63	"2023-09-15 11:28:34"	9/15/2023	"2023-09-15 21:50:02"
63	"2023-09-16 11:35:01"	9/16/2023	"2023-09-16 21:05:15"
63	"2023-09-17 11:35:31"	9/17/2023	"2023-09-17 20:20:39"
63	"2023-09-18 11:27:59"	9/19/2023	"2023-09-18 21:18:54"
63	"2023-09-19 11:28:28"	9/19/2023	"2023-09-19 20:58:33"
63	"2023-09-21 11:18:16"	9/21/2023	"2023-09-21 21:33:34"
63	"2023-09-22 11:30:30"	9/22/2023	"2023-09-22 21:42:35"
63	"2023-09-23 11:26:47"	9/23/2023	"2023-09-23 21:41:00"
63	"2023-09-24 11:26:03"	9/24/2023	"2023-09-24 21:46:23"
63	"2023-09-25 11:50:36"	9/25/2023	"2023-09-25 21:17:37"
63	"2023-09-26 11:33:05"	9/26/2023	"2023-09-26 22:09:22"
63	"2023-09-28 11:36:59"	9/29/2023	"2023-09-28 23:06:28"
63	"2023-09-29 11:45:51"	9/29/2023	"2023-09-29 23:34:14"
63	"2023-09-30 11:59:38"	9/30/2023	"2023-09-30 22:03:58"
63	"2023-09-31 11:33:29"	9/31/2023	"2023-09-01 01:40:03"
70	"2023-09-01 12:36:50"	9/1/2023	"2023-09-01 21:33:00"
70	"2023-09-02 11:40:33"	9/2/2023	"2023-09-02 21:38:02"
70	"2023-09-03 11:54:21"	9/3/2023	"2023-09-03 21:54:17"
70	"2023-09-04 12:13:02"	9/4/2023	"2023-09-04 21:37:21"
70	"2023-09-05 11:41:48"	9/5/2023	"2023-09-05 22:11:07"
70	"2023-09-07 11:55:39"	9/7/2023	"2023-09-07 21:46:07"
70	"2023-09-09 11:38:16"	9/9/2023	"2023-09-09 21:40:48"
70	"2023-09-09 12:00:29"	9/9/2023	"2023-09-09 21:32:13"
70	"2023-09-10 11:45:39"	9/10/2023	"2023-09-10 21:29:36"
70	"2023-09-11 11:51:41"	9/11/2023	"2023-09-11 21:18:12"
70	"2023-09-12 11:36:45"	9/12/2023	"2023-09-12 22:20:26"
70	"2023-09-15 11:42:03"	9/15/2023	"2023-09-15 21:29:21"
70	"2023-09-16 11:37:14"	9/16/2023	"2023-09-16 21:15:41"
70	"2023-09-17 11:27:32"	9/17/2023	"2023-09-17 21:25:26"
70	"2023-09-18 11:35:36"	9/19/2023	"2023-09-18 21:16:34"
70	"2023-09-19 11:30:34"	9/19/2023	"2023-09-19 21:30:00"
70	"2023-09-21 12:04:44"	9/21/2023	"2023-09-21 21:54:00"
70	"2023-09-22 10:38:24"	9/22/2023	"2023-09-22 21:40:59"
70	"2023-09-23 15:13:37"	9/23/2023	"2023-09-23 21:52:59"
70	"2023-09-24 12:09:04"	9/24/2023	"2023-09-24 21:38:03"
70	"2023-09-25 11:46:05"	9/25/2023	"2023-09-25 21:40:05"
70	"2023-09-26 11:14:42"	9/26/2023	"2023-09-26 21:33:25"
70	"2023-09-28 11:43:58"	9/29/2023	"2023-09-28 21:41:09"
70	"2023-09-29 11:49:17"	9/29/2023	"2023-09-29 21:20:40"
70	"2023-09-30 11:51:58"	9/30/2023	"2023-09-30 15:33:10"
70	"2023-09-31 11:59:09"	9/31/2023	"2023-09-31 21:33:44"
71	"2023-09-01 11:38:05"	9/1/2023	"2023-09-01 21:07:39"
71	"2023-09-02 11:39:58"	9/2/2023	"	"
71	"2023-09-03 11:39:43"	9/3/2023	"2023-09-03 20:31:25"
71	"2023-09-04 11:43:45"	9/4/2023	"	"
71	"2023-09-05 11:35:51"	9/5/2023	"2023-09-05 20:20:22"
71	"2023-09-07 11:44:01"	9/7/2023	"	"
71	"2023-09-09 11:42:03"	9/9/2023	"2023-09-09 20:38:11"
71	"2023-09-09 11:41:55"	9/9/2023	"2023-09-09 20:34:06"
71	"2023-09-10 11:43:33"	9/10/2023	"2023-09-10 19:50:15"
71	"2023-09-12 11:44:03"	9/12/2023	"2023-09-12 21:26:23"
71	"2023-09-15 11:40:51"	9/15/2023	"2023-09-15 20:30:56"
71	"2023-09-16 11:37:51"	9/16/2023	"2023-09-16 20:33:20"
71	"2023-09-17 13:24:49"	9/17/2023	"2023-09-17 20:30:30"
71	"2023-09-18 11:40:35"	9/19/2023	"2023-09-18 20:34:11"
71	"2023-09-19 11:38:34"	9/19/2023	"	"
71	"2023-09-21 11:43:03"	9/21/2023	"2023-09-21 20:32:13"
71	"2023-09-22 11:44:30"	9/22/2023	"2023-09-22 20:31:48"
71	"2023-09-23 11:45:38"	9/23/2023	"2023-09-23 20:38:55"
71	"2023-09-24 11:36:37"	9/24/2023	"2023-09-24 20:45:59"
71	"2023-09-25 11:39:55"	9/25/2023	"2023-09-25 20:34:26"
71	"2023-09-26 11:39:42"	9/26/2023	"	"
71	"2023-09-28 11:42:58"	9/29/2023	"2023-09-28 20:30:54"
71	"2023-09-29 11:42:15"	9/29/2023	"2023-09-29 20:30:58"
71	"2023-09-30 11:40:09"	9/30/2023	"2023-09-30 20:34:24"
71	"2023-09-31 11:40:06"	9/31/2023	"2023-09-31 20:38:14"
75	"2023-09-04 11:35:52"	9/4/2023	"2023-09-04 20:52:09"
75	"2023-09-05 11:57:45"	9/5/2023	"2023-09-05 20:48:04"
75	"2023-09-07 12:13:17"	9/7/2023	"2023-09-07 21:16:49"
75	"2023-09-09 12:06:04"	9/9/2023	"2023-09-09 21:57:17"
75	"2023-09-09 11:51:43"	9/9/2023	"2023-09-09 20:48:10"
75	"2023-09-10 12:35:31"	9/10/2023	"2023-09-10 21:58:03"
75	"2023-09-11 13:03:30"	9/11/2023	"2023-09-11 20:48:56"
75	"2023-09-12 11:59:03"	9/12/2023	"2023-09-12 21:05:18"
75	"2023-09-16 11:50:19"	9/15/2023	"2023-09-15 21:22:49"
75	"2023-09-16 11:50:19"	9/16/2023	"2023-09-16 21:16:55"
75	"2023-09-17 12:07:15"	9/17/2023	"2023-09-17 21:34:19"
75	"2023-09-18 11:54:44"	9/19/2023	"2023-09-18 21:07:33"
75	"2023-09-19 11:46:36"	9/19/2023	"	"
75	"2023-09-21 12:17:44"	9/21/2023	"2023-09-21 22:25:10"
75	"2023-09-22 11:52:18"	9/22/2023	"2023-09-22 21:19:25"
75	"	"	                9/23/2023	"2023-09-23 21:51:51"
75	"2023-09-24 12:25:09"	9/24/2023	"2023-09-24 21:03:09"
75	"2023-09-25 12:02:06"	9/25/2023	"2023-09-25 21:25:04"
75	"2023-09-26 18:21:36"	9/26/2023	"2023-09-26 20:53:00"
75	"2023-09-28 12:01:09"	9/29/2023	"2023-09-28 21:28:22"
75	"2023-09-29 12:11:06"	9/29/2023	"2023-09-29 21:19:16"
75	"2023-09-30 11:51:03"	9/30/2023	"	"
75	"2023-09-31 12:10:32"	9/31/2023	"2023-09-31 21:47:58"
76	"2023-09-09 11:52:54"	9/9/2023	"2023-09-09 20:31:33"
76	"2023-09-09 11:52:54"	9/9/2023	"	"
76	"2023-09-10 11:48:47"	9/10/2023	"	"
76	"2023-09-11 12:24:36"	9/11/2023	"	"
76	"2023-09-12 12:01:16"	9/12/2023	"2023-09-12 21:15:19"
76	"2023-09-15 12:21:02"	9/15/2023	"	"
76	"2023-09-16 12:25:03"	9/16/2023	"	"
76	"2023-09-17 12:15:44"	9/17/2023	"	"
76	"2023-09-18 12:02:23"	9/19/2023	"	"
76	"2023-09-19 11:59:03"	9/19/2023	"	"
76	"2023-09-21 12:04:38"	9/21/2023	"	"
76	"2023-09-22 12:12:07"	9/22/2023	"	"
76	"2023-09-23 12:24:36"	9/23/2023	"	"
76	"2023-09-24 11:56:55"	9/24/2023	"	"
76	"2023-09-25 12:30:00"	9/25/2023	"	"
76	"2023-09-26 12:00:56"	9/26/2023	"	"
76	"2023-09-29 12:05:50"	9/29/2023	"	"
76	"2023-09-30 12:09:35"	9/30/2023	"	"
76	"2023-09-31 12:03:44"	9/31/2023	"	"
78	"	"	                9/19/2023	"2023-09-19 20:45:38"
78	"2023-09-21 12:09:34"	9/21/2023	"2023-09-21 20:55:54"
78	"2023-09-22 12:28:12"	9/22/2023	"2023-09-22 20:45:16"
78	"2023-09-23 10:50:32"	9/23/2023	"2023-09-23 20:23:53"
78	"2023-09-24 11:48:29"	9/24/2023	"2023-09-24 20:39:36"
78	"2023-09-25 12:01:09"	9/25/2023	"2023-09-25 20:37:22"
78	"2023-09-26 12:29:31"	9/26/2023	"	"
78	"2023-09-28 12:15:29"	9/29/2023	"2023-09-28 20:34:04"
78	"2023-09-29 12:37:38"	9/29/2023	"2023-09-29 20:47:28"
78	"2023-09-30 12:21:30"	9/30/2023	"2023-09-30 20:38:27"
78	"2023-09-31 12:28:38"	9/31/2023	"	"
